<?xml version="1.0" encoding="UTF-8" ?>
<!DOCTYPE log4j:configuration SYSTEM "log4j.dtd">

<log4j:configuration xmlns:log4j='http://jakarta.apache.org/log4j/'>

        <appender name="console" class="org.apache.log4j.ConsoleAppender">
           <param name="Threshold" value="INFO"/>
           <layout class="org.apache.log4j.PatternLayout">
             <param name="ConversionPattern" value="%m%n"/>
           </layout>
        </appender>
        
        <appender name="file"
                  class="org.protege.common.log.ProtegeRotatingAppender">
           <param name="rotationCount"   value="7"/>
           <param name="directory" value="logs"/>
           <param name="relativeFile" value="protege-%u.log"/>
           <layout class="org.apache.log4j.PatternLayout">
             <param name="ConversionPattern"
                    value="%-5p %m  %2C[%t]%n"/>
           </layout>
        </appender>

        <category name="org.mindswap.pellet">
            <priority value="error"/>
        </category>

        <!-- fear not, there is not too much here and it will be
             useful for a bit -->
        <category name="org.protege.editor.core.ProtegeApplication">
            <priority value="debug"/>
        </category>

        <root>
           <priority value ="info" />
           <appender-ref ref="console" />
           <appender-ref ref="file" />
        </root>

</log4j:configuration>
